<?xml version="1.0" encoding="UTF-8"?>
<project-private xmlns="http://www.netbeans.org/ns/project-private/1">
    <editor-bookmarks xmlns="http://www.netbeans.org/ns/editor-bookmarks/2" lastBookmarkId="0"/>
    <open-files xmlns="http://www.netbeans.org/ns/projectui-open-files/2">
        <group>
            <file>file:/C:/Users/jfdg0/Documents/NetBeansProjects/Actividad1IA/src/actividad1ia/Alumno_IA.java</file>
            <file>file:/C:/Users/jfdg0/Documents/NetBeansProjects/Actividad1IA/src/actividad1ia/Alumno.java</file>
            <file>file:/C:/Users/jfdg0/Documents/NetBeansProjects/Actividad1IA/src/actividad1ia/Actividad1IA.java</file>
        </group>
    </open-files>
</project-private>
